50:                     /host="Homo sapiens; patient #2 with severe acute
855:                     /host="Homo sapiens; patient #2 with severe acute
9012:                     /host="Homo sapiens"
9864:                     /host="Homo sapiens"
10716:                     /host="Homo sapiens"
11568:                     /host="Homo sapiens"
12420:                     /host="Homo sapiens"
13274:                     /host="Homo sapiens"
14133:                     /host="mouse"
15525:                     /host="Homo sapiens"
16403:                     /host="Homo sapiens"
17282:                     /host="Chlorocebus aethiops"
77939:                     /host="Paguma larvata (Himalayan palm civets)"
90888:                     /host="civet"
91668:                     /host="civet"
92448:                     /host="civet"
94594:                     /host="palm civet"
95130:                     /host="palm civet"
95666:                     /host="palm civet"
96194:                     /host="palm civet"
103597:                     /host="Rhinolophus macrotis"
104388:                     /host="Rhinolophus ferrumequinum"
105158:                     /host="bat"
106731:                     /host="Homo sapiens"
146891:                     /host="Homo sapiens"
153071:                     /host="Mus musculus; young"
153954:                     /host="Mus musculus; old"
154837:                     /host="Mus musculus; old"
155720:                     /host="Mus musculus; old"
156603:                     /host="Mus musculus; old"
157486:                     /host="Mus musculus; old"
158369:                     /host="Mus musculus; young"
159252:                     /host="Mus musculus; young"
160135:                     /host="Mus musculus; young"
161018:                     /host="Mus musculus; young"
161901:                     /host="Mus musculus; young"
162784:                     /host="Mus musculus; young"
163667:                     /host="Mus musculus; young"
164550:                     /host="Mus musculus; young"
165433:                     /host="Mus musculus; young"
166316:                     /host="Mus musculus; old"
167199:                     /host="Mus musculus; old"
168082:                     /host="Mus musculus; old"
168965:                     /host="Mus musculus; old"
169848:                     /host="Mus musculus; old"
176038:                     /host="Mus musculus; young"
176921:                     /host="Mus musculus; young"
177804:                     /host="Mus musculus; young"
178687:                     /host="Mus musculus; young"
179570:                     /host="Mus musculus; young"
180453:                     /host="Mus musculus; young"
181336:                     /host="Mus musculus; young"
182219:                     /host="Mus musculus; young"
183102:                     /host="Mus musculus; old"
183985:                     /host="Mus musculus; old"
184868:                     /host="Mus musculus; old"
185751:                     /host="Mus musculus; old"
186634:                     /host="Mus musculus; old"
187517:                     /host="Mus musculus; old"
188400:                     /host="Mus musculus; old"
189283:                     /host="Mus musculus; young"
190166:                     /host="Mus musculus; young"
191049:                     /host="Mus musculus; old"
191932:                     /host="Mus musculus; old"
192815:                     /host="Mus musculus; old"
202813:                     /host="palm civet"
207118:                     /host="Rhinolophus sp. (bat)"
207894:                     /host="bat"
208610:                     /host="Rhinolophus cornutus"
209476:                     /host="Rhinolophus sinicus"
215865:                     /host="Rhinolophus stheno"
216620:                     /host="Rhinolophus stheno"
217380:                     /host="Rhinolophus stheno"
218142:                     /host="Rhinolophus affinis"
218904:                     /host="Rhinolophus stheno"
219666:                     /host="Rhinolophus stheno"
220426:                     /host="Rhinolophus stheno"
221188:                     /host="Rhinolophus stheno"
221934:                     /host="Rhinolophus ferrumequinum"
252501:                     /host="Rhinolophus sinicus"
261119:                     /host="Rhinolophus blasii"
261889:                     /host="Rhinolophus blasii"
262791:                     /host="Rhinolophus pusillus"
263528:                     /host="Chaerephon plicata"
264252:                     /host="Rhinolophus sinicus"
265105:                     /host="Rhinolophus sinicus"
265961:                     /host="Rhinolophus sinicus"
266828:                     /host="Rhinolophus affinis"
267607:                     /host="Rhinolophus ferrumequinum"
268374:                     /host="Rhinolophus ferrumequinum"
269156:                     /host="Rhinolophus ferrumequinum"
269924:                     /host="Rhinolophus sinicus"
270687:                     /host="Rhinolophus sinicus"
271458:                     /host="Rhinolophus sinicus"
272213:                     /host="Rhinolophus monoceros"
272928:                     /host="Aselliscus stoliczkanus"
273772:                     /host="Rhinolophus sinicus"
274616:                     /host="Rhinolophus sinicus"
275466:                     /host="Rhinilophus ferrumequinum"
276310:                     /host="Rhinolophus sinicus"
277155:                     /host="Rhinolophus sinicus"
277999:                     /host="Rhinolophus sinicus"
278843:                     /host="Rhinolophus sinicus"
279687:                     /host="Rhinolophus sinicus"
280549:                     /host="Rhinolophus sinicus"
281411:                     /host="Rhinolophus sinicus"
282257:                     /host="Rhinolophus pusillus"
283026:                     /host="Rhinolophus pusillus"
283788:                     /host="Rhinolophus Ferrumequinum"
284647:                     /host="Rhinolophus Ferrumequinum"
285515:                     /host="Rhinolophus sinicus"
286383:                     /host="Rhinolophus sp."
287102:                     /host="Rhinolophus affinis"
287819:                     /host="Rhinolophus affinis"
288548:                     /host="Rhinolophus affinis"
289267:                     /host="Rhinolophus affinis"
289988:                     /host="Manis javanica (Malayan pangolin)"
290729:                     /host="Manis javanica (Malayan pangolin)"
291468:                     /host="Manis javanica (Malayan pangolin)"
292209:                     /host="Manis javanica (Malayan pangolin)"
292961:                     /host="Manis javanica"
293479:                     /host="Manis javanica"
294259:                     /host="pangolin"
295121:                     /host="pangolin"
295665:                     /host="pangolin"
296546:                     /host="Rhinolophus affinis"
297343:                     /host="Rhinolophus acuminatus"
298146:                     /host="Rhinolophus acuminatus"
298956:                     /host="Rhinolophus acuminatus"
299762:                     /host="Rhinolophus acuminatus"
300568:                     /host="Rhinolophus acuminatus"
301363:                     /host="Rhinolophus hipposideros"
302129:                     /host="Rhinolophus ferrumequinum"
302909:                     /host="Rhinolophus sinicus"
303625:                     /host="Rhinolophus sinicus"
304341:                     /host="Rhinolophus ferrumequinum"
305053:                     /host="Rhinolophus ferrumequinum (horseshoe bat)"
305829:                     /host="Rhinolophus blythi"
306628:                     /host="Rhinolophus sp. (bat)"
307399:                     /host="Rhinolophus sp. (bat)"
308163:                     /host="Rhinolophus affinis"
308893:                     /host="Rhinolophus affinis"
309619:                     /host="Rhinolophus ferrumequinum"
310343:                     /host="Rhinolophus ferrumequinum"
311067:                     /host="Rhinolophus ferrumequinum"
311777:                     /host="Rhinolophus ferrumequinum"
312501:                     /host="Rhinolophus ferrumequinum"
313225:                     /host="Rhinolophus ferrumequinum"
313949:                     /host="Rhinolophus ferrumequinum"
314673:                     /host="Rhinolophus sp."
315403:                     /host="Rhinolophus sp."
316133:                     /host="Rhinolophus pusillus"
316864:                     /host="Rhinolophus pusillus"
317595:                     /host="Rhinolophus pusillus"
318325:                     /host="Rhinolophus pusillus"
319056:                     /host="Rhinolophus sinicus"
319785:                     /host="Rhinolophus sinicus"
320512:                     /host="Rhinolophus sinicus"
321241:                     /host="Rhinolophus sinicus"
321969:                     /host="Rhinolophus sinicus"
322697:                     /host="Rhinolophus sinicus"
323426:                     /host="Rhinolophus sinicus"
324156:                     /host="Rhinolophus sinicus"
324886:                     /host="Rhinolophus sinicus"
325616:                     /host="Rhinolophus sinicus"
326346:                     /host="Rhinolophus sinicus"
327076:                     /host="Rhinolophus sinicus"
327806:                     /host="Rhinolophus sinicus"
328536:                     /host="Rhinolophus sinicus"
329266:                     /host="Rhinolophus sinicus"
329996:                     /host="Rhinolophus sinicus"
330725:                     /host="Rhinolophus sinicus"
331454:                     /host="Rhinolophus sinicus"
332184:                     /host="Rhinolophus sinicus"
332914:                     /host="Rhinolophus sinicus"
333644:                     /host="Rhinolophus sinicus"
334374:                     /host="Rhinolophus sinicus"
335104:                     /host="Rhinolophus sinicus"
335831:                     /host="Rhinolophus sinicus"
336557:                     /host="Rhinolophus sinicus"
337284:                     /host="Rhinolophus sinicus"
338013:                     /host="Rhinolophus sinicus"
338743:                     /host="Rhinolophus sinicus"
339473:                     /host="Rhinolophus sinicus"
340203:                     /host="Rhinolophus sinicus"
340933:                     /host="Rhinolophus sinicus"
341663:                     /host="Rhinolophus sinicus"
342392:                     /host="Rhinolophus sinicus"
343122:                     /host="Rhinolophus sinicus"
343852:                     /host="Rhinolophus sinicus"
344579:                     /host="Rhinolophus sinicus"
345305:                     /host="Rhinolophus sinicus"
346035:                     /host="Rhinolophus sinicus"
346763:                     /host="Rhinolophus sinicus"
347491:                     /host="Rhinolophus sinicus"
348219:                     /host="Rhinolophus sinicus"
348958:                     /host="Rhinolophus sinicus"
349696:                     /host="Rhinolophus sinicus"
350435:                     /host="Rhinolophus sinicus"
351174:                     /host="Rhinolophus sinicus"
351913:                     /host="Rhinolophus sinicus"
352640:                     /host="Rhinolophus sinicus"
353367:                     /host="Rhinolophus sinicus"
354094:                     /host="Rhinolophus sinicus"
354821:                     /host="Rhinolophus sinicus"
355544:                     /host="Rhinolophus sinicus"
356268:                     /host="Rhinolophus sinicus"
356997:                     /host="Rhinolophus siamensis"
357726:                     /host="Rhinolophus siamensis"
358454:                     /host="Rhinolophus ferrumequinum (bat)"
359275:                     /host="Rhinolophus hipposideros (bat)"
360106:                     /host="Rhinolophus malayanus"
360899:                     /host="Rhinolophus malayanus"
361692:                     /host="Rhinolophus malayanus"
362485:                     /host="Rhinolophus sinicus"
363278:                     /host="Rhinolophus stheno"
364071:                     /host="Rhinolophus pusillus"
364872:                     /host="Rhinolophus stheno"
