Host,HostTaxID
abramis brama,38527
abrothrix longipilis,29094
acanthis flammea,54769
acanthopagrus latus,8177
acanthopagrus schlegelii,72011
acanthophis antarcticus,8605
acanthorhynchus tenuirostris,266336
acanthurus bariene,670521
acanthurus dussumieri,238051
acanthurus triostegus,175435
accipiter cooperii,261198
accipiter gentilis,8957
accipiter gularis,258530
accipiter nisus,211598
accipiter striatus,56330
accipiter trivirgatus,210844
acerodon celebensis,58057
acheilognathus macropterus,80791
acinonyx jubatus,32536
acipenser baerii,27689
acipenser brevirostrum,7907
acipenser gueldenstaedtii,7902
acipenser naccarii,42330
acipenser ruthenus,7906
acipenser stellatus,7903
acipenser transmontanus,7904
acomys cahirinus,10068
acomys dimidiatus,60744
acomys subspinosus,81631
acomys wilsoni,37436
acrantophis dumerili,51850
acridotheres cristatellus,451382
acridotheres tristis,279927
acrocephalus dumetorum,68474
acrocephalus schoenobaenus,52609
acrocephalus scirpaceus,48156
acropoma japonicum,2233869
actitis macularius,190659
aechmophorus occidentalis,57236
aegithalos caudatus,73327
aegypius monachus,8959
aeorestes cinereus,257879
aepyceros melampus,9897
aesopia cornuta,215406
aethomys chrysophilus,121561
aethomys ineptus,284517
afronycteris nana,568927
agama agama,103336
agamia agami,706245
agapornis fischeri,60463
agapornis nigrigenis,60465
agapornis personatus,60466
agapornis roseicollis,60468
agelaius phoeniceus,39638
agropsar sturninus,2675479
ailuropoda melanoleuca,9646
ailurus fulgens,9649
aix galericulata,8832
aix sponsa,8833
akodon azarae,29095
akodon cursor,29096
akodon montensis,106112
akodon paranaensis,230113
akodon serrensis,106114
akodon simulator,484371
alcelaphus buselaphus,59517
alces alces,9852
alces americanus,999462
alectoris chukar,9078
alectoris graeca,40178
alectoris rufa,9079
alisterus amboinensis,309870
alisterus scapularis,458117
allenopithecus nigroviridis,54135
allochrocebus lhoesti,100224
allochrocebus preussi,147649
allochrocebus solatus,147650
allocricetulus eversmanni,329634
alopochen aegyptiaca,30382
alouatta belzebul,30590
alouatta caraya,9502
alouatta guariba,182256
alouatta macconnelli,198115
alouatta palliata,30589
alouatta pigra,182253
alouatta sara,121123
alouatta seniculus,9503
alytes obstetricans,8443
amandava amandava,247729
amaurornis phoenicurus,261959
amazona aestiva,12930
amazona albifrons,241569
amazona amazonica,151758
amazona arausiaca,241563
amazona auropalliata,152277
amazona autumnalis,151759
amazona barbadensis,229553
amazona brasiliensis,244070
amazona farinosa,151760
amazona festiva,244075
amazona leucocephala,241562
amazona ochrocephala,151761
amazona oratrix,152276
amazona rhodocorytha,244082
amazona ventralis,57393
amazona vinacea,244084
amazona viridigenalis,229552
amazona xantholora,1209394
ambassis marianus,498364
ambloplites rupestris,109273
amblygaster clupeoides,392305
amblygaster leiogaster,1411162
ambystoma maculatum,43114
ambystoma mavortium,2511205
ambystoma mexicanum,8296
ambystoma opacum,43115
ambystoma tigrinum,8305
ameiurus melas,219545
ameiurus nebulosus,27778
ameiva ameiva,8535
ammodytes personatus,215382
ammotragus lervia,9899
amphiprion ocellaris,80972
amphiprion percula,161767
amphiprion sebae,229075
anabas testudineus,64144
anarhichas lupus,8204
anas acuta,28680
anas bahamensis,75834
anas capensis,8837
anas carolinensis,75836
anas castanea,45631
anas crecca,75839
anas cyanoptera,75840
anas diazi,75841
anas erythrorhyncha,75843
anas flavirostris,75845
anas fulvigula,75846
anas georgica,75847
anas gracilis,45630
anas melleri,75852
anas platalea,75853
anas platyrhynchos,8839
anas poecilorhyncha,75854
anas puna,75855
anas querquedula,75856
anas rubripes,75857
anas smithii,75859
anas superciliosa,45632
anas undulata,75862
anas versicolor,75863
anastomus oscitans,1706835
anaxyrus boreas,30325
andrias davidianus,141262
anguilla anguilla,7936
anguilla australis,7940
anguilla japonica,7937
anguilla marmorata,7939
anguilla rostrata,7938
anodorhynchus hyacinthinus,51900
anodorhynchus leari,178882
anolis allogus,141892
anolis carolinensis,28377
anolis distichus,38893
anolis sagrei,38937
anoura caudifer,27642
anoura geoffroyi,148021
anourosorex squamipes,127560
anourosorex yamashinai,268756
anous tenuirostris,297803
anser albifrons,50365
anser anser,8843
anser brachyrhynchus,132585
anser caerulescens,8849
anser canagicus,107021
anser cygnoides,8845
anser erythropus,132586
anser fabalis,132587
anser indicus,8846
antaresia maculosa,51891
antaresia perthensis,461324
antaresia stimsoni,461325
antennarius striatus,241820
anthochaera chrysoptera,266367
anthus berthelotii,45798
anthus rufulus,1463608
antidorcas marsupialis,59523
antigone canadensis,1977160
antigone vipio,2717088
antilocapra americana,9891
antilope cervicapra,59525
antrostomus carolinensis,279965
antrozous dubiaquercus,249033
antrozous pallidus,9440
aonyx cinereus,452597
aotus azarai,30591
aotus griseimembra,292213
aotus nancymaae,37293
aotus trivirgatus,9505
aotus vociferans,57176
aphelocoma californica,142466
aplodinotus grunniens,225389
apodemus agrarius,39030
apodemus chejuensis,754351
apodemus chevrieri,129246
apodemus draco,129247
apodemus flavicollis,54292
apodemus ilex,256595
apodemus latronum,214933
apodemus peninsulae,105297
apodemus ponticus,134909
apodemus speciosus,105296
apodemus sylvaticus,10129
apodemus uralensis,134910
aprosmictus erythropterus,274068
aptenodytes patagonicus,9234
apteryx rowi,308060
aquila adalberti,52408
aquila audax,8961
aquila chrysaetos,8962
aquila fasciata,252784
aquila heliaca,52410
ara ambiguus,467031
ara ararauna,9226
ara chloropterus,176013
ara glaucogularis,303304
ara macao,176014
ara militaris,57237
ara rubrogenys,467030
ara severus,178883
aratinga jandaya,231027
aratinga nenday,51908
aratinga solstitialis,176015
arctocephalus australis,161928
arctocephalus forsteri,29084
arctocephalus gazella,37190
arctocephalus tropicalis,37194
ardea alba,110620
ardea cinerea,30390
ardea herodias,56072
ardenna carneipes,1934105
ardenna pacifica,48683
ardeola bacchus,188375
ardeola grayii,1158920
arenaria interpres,54971
arenaria melanocephala,279931
argentina silus,446415
argentina sphyraena,442169
argyrosomus regius,172269
arremon taciturnus,1109026
artibeus fimbriatus,51010
artibeus glaucus,40226
artibeus jamaicensis,9417
artibeus lituratus,27634
artibeus obscurus,40228
artibeus phaeotis,40229
artibeus planirostris,40230
arundinax aedon,68478
arvicanthis niloticus,61156
arvicola amphibius,1047088
aselliscus stoliczkanus,188568
asio flammeus,56267
asio otus,111810
aspidites melanocephalus,51883
aspidites ramsayi,461326
astronotus ocellatus,50733
astyanax mexicanus,7994
atelerix albiventris,9368
ateles belzebuth,9507
ateles chamek,118643
ateles fusciceps,9508
ateles geoffroyi,9509
ateles hybridus,129801
ateles paniscus,9510
athene noctua,126797
atheris squamigera,110225
atilax paludinosus,210642
axis axis,30531
aythya affinis,189533
aythya americana,30385
aythya baeri,1177618
aythya collaris,189535
aythya ferina,219593
aythya fuligula,219594
aythya marila,189534
aythya nyroca,197939
aythya valisineria,110915
babyrousa babyrussa,41806
baeolophus bicolor,88114
baeolophus inornatus,142467
baiomys musculus,213557
baiomys taylori,56219
balaena mysticetus,27602
balaenoptera acutorostrata,9767
balaenoptera physalus,9770
balearica pavonina,30414
balearica regulorum,925459
balionycteris maculata,77229
bandicota bengalensis,69079
bandicota indica,456472
bandicota savilei,456473
banjos banjos,490309
barbastella barbastellus,59449
barbus barbus,40830
barnardius zonarius,309859
basileuterus culicivorus,85526
bassariscus astutus,55047
bathilda ruficauda,247737
berylmys bowersi,83759
bettongia penicillata,69259
bison bison,9901
bison bonasus,9902
bitis atropos,110196
bitis gabonica,8694
bitis nasicornis,8695
blanus cinereus,227091
blarina brevicauda,9387
blarina carolinensis,183658
blarina hylophaga,183659
blastocerus dichotomus,248133
blicca bjoerkna,58317
boa constrictor,8574
boa imperator,401042
boiga irregularis,92519
bolborhynchus lineola,211877
boleophthalmus pectinirostris,150288
bombycilla cedrorum,161648
bonasa umbellus,9000
boops boops,36219
bos frontalis,30520
bos gaurus,9904
bos grunniens,30521
bos indicus,9915
bos javanicus,9906
bos primigenius,9909
bos taurus,9913
boselaphus tragocamelus,9917
botaurus stellaris,188376
brachymystax lenok,62067
brachyteles arachnoides,30594
bradypus tridactylus,9354
bradypus variegatus,9355
branta bernicla,184712
branta canadensis,8853
branta hutchinsii,371860
branta leucopsis,184711
branta ruficollis,184715
branta sandvicensis,56282
broadleysaurus major,174280
brotogeris tirica,671078
bubalus bubalis,89462
bubalus carabanensis,346063
bubo bubo,30461
bubo scandiacus,371907
bubo sumatranus,748877
bubo virginianus,56268
bubulcus ibis,110668
bucephala albeola,279934
bucephala clangula,107022
budorcas taxicolor,37181
bufo bufo,8384
bufo gargarizans,30331
bufo spinosus,655841
bunomys penitus,1330375
burhinus grallarius,585466
burhinus oedicnemus,85105
butastur indicus,335207
buteo brachyurus,223853
buteo buteo,30397
buteo jamaicensis,56263
buteo japonicus,224669
buteo lagopus,115229
buteo lineatus,223475
buteo regalis,223441
buteo rufinus,115134
buteo rufofuscus,223437
buteo swainsoni,156757
buteogallus meridionalis,223496
butorides striata,433628
butorides virescens,110671
cacajao melanocephalus,70825
cacajao rubicundus,70927
cacatua alba,141836
cacatua ducorpsii,141834
cacatua galerita,141274
cacatua goffiniana,12983
cacatua haematuropygia,141837
cacatua moluccensis,136504
cacatua ophthalmica,141835
cacatua pastinator,986097
cacatua sanguinea,274074
cacatua sulphurea,141271
cacatua tenuirostris,1344800
cairina moschata,8855
calandrella cinerea,1364912
calidris acuminata,192723
calidris alba,279936
calidris alpina,8919
calidris canutus,227173
calidris ferruginea,217133
calidris fuscicollis,279940
calidris mauri,279941
calidris minuta,670340
calidris minutilla,279935
calidris ptilocnemis,217132
calidris pusilla,279961
calidris ruficollis,272047
callicebus personatus,70814
callimico goeldii,9495
callionymus kaianus,435136
calliope calliope,229100
callithrix geoffroyi,52231
callithrix jacchus,9483
callithrix penicillata,57378
callocephalon fimbriatum,986101
callonetta leucophrys,75871
callorhinus ursinus,34884
callosciurus erythraeus,64677
callosciurus finlaysonii,127500
callosciurus notatus,64678
callosciurus prevostii,64676
caloenas nicobarica,187106
calomys callidus,414451
calomys callosus,56210
calomys fecundus,160455
calomys laucha,56211
calomys musculinus,56212
calomys tener,162310
calotes versicolor,48253
calotriton asper,30374
caluromys philander,70610
calypte anna,9244
calypte costae,371909
calyptorhynchus banksii,35551
calyptorhynchus lathami,986098
camarhynchus pallidus,48878
camelus bactrianus,9837
camelus dromedarius,9838
canis adustus,68723
canis aureus,68724
canis latrans,9614
canis lupus,9612
canis mesomelas,68725
canis simensis,32534
canthigaster rivulata,264151
capra aegagrus,9923
capra caucasica,72540
capra hircus,9925
capra ibex,72542
capra nubiana,72543
capra pyrenaica,80419
capra sibirica,72544
capreolus capreolus,9858
capricornis crispus,9966
caprimulgus europaeus,111811
caracal caracal,61394
caracara plancus,8951
carangoides armatus,181460
carangoides equula,274469
carassius auratus,7957
carassius carassius,217509
carassius gibelio,101364
cardinalis cardinalis,98964
cardioderma cor,270764
carduelis carduelis,37600
caretta caretta,8467
carollia brevicauda,138695
carollia perspicillata,40233
carollia sowelli,208969
carpodacus erythrinus,175930
carpodacus roseus,175933
carpodacus sibiricus,2713617
castor canadensis,51338
castor fiber,10185
cathartes aura,43455
catharus fuscescens,159581
catharus guttatus,9185
catharus ustulatus,91951
catostomus commersonii,7971
cavia porcellus,10141
cebuella pygmaea,9493
cebus albifrons,9514
cebus capucinus,9516
cebus imitator,2715852
cecropis daurica,317158
centroberyx rubricaudus,990671
centrochelys sulcata,1540822
centropristis striata,184440
cephalopholis argus,309930
cephalopholis boenak,91743
cephalopholis spiloparaea,1146960
cephalopholis urodeta,160709
cephalophus rufilatus,129230
cerastes cerastes,8697
ceratotherium simum,9807
cercocebus agilis,255237
cercocebus atys,9531
cercocebus torquatus,9530
cercopithecus albogularis,867370
cercopithecus ascanius,36223
cercopithecus campbelli,303588
cercopithecus cephus,9535
cercopithecus denti,1137511
cercopithecus diana,36224
cercopithecus erythrotis,167130
cercopithecus hamlyni,9536
cercopithecus kandti,1137481
cercopithecus mitis,36225
cercopithecus mona,36226
cercopithecus neglectus,36227
cercopithecus nictitans,36228
cercopithecus pogonias,102108
cercopithecus wolfi,263448
cerdocyon thous,9620
cervus canadensis,1574408
cervus elaphus,9860
cervus nippon,9863
chaerephon leucogaster,556902
chaerephon plicatus,478698
chaerephon pumilus,242384
chaerephon pusillus,797724
chaetodipus hispidus,38665
chaetodon bennetti,466113
chaetura pelagica,8897
chaeturichthys stigmatias,1124596
chalinolobus gouldii,258889
chalinolobus morio,50353
chamaeleo calyptratus,179908
channa argus,215402
channa lucius,64146
channa micropeltes,64149
channa striata,64152
chanodichthys erythropterus,933992
chanos chanos,29144
charadrius melodus,279942
charadrius ruficapillus,50399
chasiempis sandwichensis,291285
chauna torquata,30388
cheilinus trilobatus,290113
cheilopogon heterurus,546515
chelidonichthys cuculus,426094
chelidonichthys lucerna,2576622
chelon auratus,48191
chelon labrosus,48171
chelonia mydas,8469
chelonoidis carbonarius,50047
chelydra serpentina,8475
chenonetta jubata,45644
chersina angulata,286001
chilabothrus inornatus,51747
chinchilla lanigera,34839
chlamydotis macqueenii,187382
chlamydotis undulata,172680
chlidonias hybrida,297805
chlidonias leucopterus,297806
chloebia gouldiae,44316
chloephaga picta,8861
chloephaga poliocephala,541009
chloris chloris,37601
chlorocebus aethiops,9534
chlorocebus cynosuros,460675
chlorocebus pygerythrus,60710
chlorocebus sabaeus,60711
chlorocebus tantalus,60712
chlorodrepanis virens,64799
choerodon azurio,193513
choloepus didactylus,27675
choloepus hoffmanni,9358
chroicocephalus brunnicephalus,2772041
chroicocephalus cirrocephalus,1192863
chroicocephalus genei,1569666
chroicocephalus maculipennis,287016
chroicocephalus novaehollandiae,2547444
chroicocephalus ridibundus,1192867
chrysocyon brachyurus,68728
chrysolophus amherstiae,9088
chrysolophus pictus,9089
ciconia boyciana,52775
ciconia ciconia,8928
cinclus cinclus,127875
circus aeruginosus,8964
circus cyaneus,43466
civettictis civetta,94186
clanga pomarina,2675520
clangula hyemalis,197941
cleithracara maronii,172537
clupanodon thrissa,403224
clupea harengus,7950
clupea pallasii,30724
coccothraustes coccothraustes,37609
coelorinchus multispinulosus,390691
coendou prehensilis,187985
coilia mystus,286537
colaptes auratus,51355
colaptes campestris,555237
coleura afra,907075
coleura kibomalandy,1244808
colinus virginianus,9014
colobus angolensis,54131
colobus guereza,33548
colobus polykomos,9572
coloeus monedula,30423
columba guinea,135627
columba livia,8932
columba palumbus,8934
columba pulchricollis,177143
conepatus leuconotus,30543
conger japonicus,86968
connochaetes taurinus,9927
conopophaga aurita,237657
contopus sordidulus,183522
copsychus saularis,343929
coracias garrulus,188338
coracopsis vasa,176022
coragyps atratus,33614
corallus annulatus,51860
corallus caninus,51861
corallus hortulanus,709348
cordylus tropidosternum,126612
coregonus autumnalis,27773
coregonus lavaretus,59291
coregonus migratorius,884168
corvus brachyrhynchos,85066
corvus caurinus,279967
corvus corax,56781
corvus cornix,181096
corvus corone,30422
corvus coronoides,108826
corvus frugilegus,75140
corvus hawaiiensis,134902
corvus macrorhynchos,36249
corvus ossifragus,349685
corvus splendens,701737
corynorhinus rafinesquii,27674
corynorhinus townsendii,124745
coryphospingus pileatus,664758
corythornis cristatus,85095
coscoroba coscoroba,8863
cottocomephorus grewingki,57734
coturnix coturnix,9091
coturnix japonica,93934
cracticus torquatus,1120791
craterocephalus stercusmuscarum,69135
craugastor ranoides,228432
crax fasciolata,84988
cricetomys emini,107265
cricetomys gambianus,10085
cricetulus barabensis,329629
cricetulus griseus,10029
cricetulus longicaudatus,10030
cricetulus migratorius,10032
cricetus cricetus,10034
crithagra mozambica,1892170
crocidura attenuata,167044
crocidura douceti,214441
crocidura dracula,2050024
crocidura goliath,148970
crocidura grandiceps,148971
crocidura hirta,214444
crocidura lasiura,167043
crocidura leucodon,109474
crocidura littoralis,214445
crocidura luna,641488
crocidura montis,516697
crocidura obscurior,148977
crocidura olivieri,214449
crocidura russula,36802
crocidura shantungensis,183721
crocidura theresae,361457
crocodilurus amazonicus,420543
crocodylus johnsoni,184234
crocodylus moreletii,184237
crocodylus niloticus,8501
crocodylus porosus,8502
crocodylus siamensis,68455
crocuta crocuta,9678
cromileptes altivelis,304459
crossoptilon auritum,9096
crotalus atrox,8730
crotalus catalinensis,125866
crotalus cerastes,8746
crotalus durissus,8731
crotalus horridus,35024
crotalus lepidus,44709
crotalus mitchellii,384065
crotalus molossus,8733
crotalus scutulatus,8737
crotophaga ani,103947
cryptoblepharus virgatus,2058948
ctenodactylus gundi,10166
ctenolabrus rupestris,171735
ctenopharyngodon idella,7959
ctenophorus nuchalis,116115
cuniculus paca,108852
curruca curruca,43163
cyanistes caeruleus,156563
cyanocitta cristata,28727
cyanoliseus patagonus,309862
cyanopica cyanus,193059
cyanoramphus auriceps,114432
cyanoramphus novaezelandiae,114435
cyanoramphus saisseti,2778878
cyclopterus lumpus,8103
cygnus atratus,8868
cygnus bewickii,541010
cygnus buccinator,48397
cygnus columbianus,110926
cygnus cygnus,219595
cygnus melancoryphus,41691
cygnus olor,8869
cymatogaster aggregata,50794
cynictis penicillata,41010
cynoglossus semilaevis,244447
cynomops abrasus,748910
cynomops planirostris,409018
cynomys gunnisoni,45479
cynomys ludovicianus,45480
cynops orientalis,137245
cynopterus brachyotis,58060
cynopterus horsfieldii,298109
cynopterus sphinx,9400
cyprinus carpio,7962
cyprinus rubrofuscus,1221224
cystophora cristata,39293
dacelo novaeguineae,8939
dama dama,30532
damaliscus lunatus,9929
danio rerio,7955
dasymys rufulus,121564
dasypeltis atra,186579
dasypterus ega,258928
dasypterus intermedius,592573
dasypterus xanthinus,72131
dasypus novemcinctus,9361
dasyuroides byrnei,32544
decapterus kurroides,146142
decapterus macarellus,146143
decapterus macrosoma,166264
decapterus russelli,146144
delphinapterus leucas,9749
delphinus capensis,103584
delphinus delphis,9728
dendroaspis jamesoni,8623
dendroaspis viridis,8621
dendrocopos leucotos,81522
dendrocopos major,137523
dendrocygna autumnalis,8873
dendrocygna javanica,60182
dendrocygna viduata,8876
deomys ferrugineus,106343
dephomys defua,1001553
dermochelys coriacea,27794
deroptyus accipitrinus,51904
desmodillus auricularis,298896
desmodus rotundus,9430
desmognathus conanti,52099
desmognathus imitator,52101
desmognathus monticola,52103
desmognathus ocoee,179530
desmognathus quadramaculatus,52105
desmognathus santeetlah,52106
diaemus youngi,148087
dicentrarchus labrax,13489
diceros bicornis,9805
didelphis albiventris,42716
didelphis aurita,85694
didelphis marsupialis,9268
diomedea exulans,46550
diopsittaca nobilis,178888
diphylla ecaudata,148089
diploderma splendidum,118209
diplodus sargus,38941
diplodus vulgaris,87756
dipodillus dasyurus,723804
dipus sagitta,73863
ditrema temminckii,83878
dobsonia moluccensis,42147
dopasia gracilis,182351
dorosoma cepedianum,336262
doryrhina cyclops,249021
dracaena guianensis,420545
dromaius novaehollandiae,8790
drymotoxeres pucheranii,761979
dryomys nitedula,55145
dryophytes cinereus,8422
dumetella carolinensis,111981
duttaphrynus melanostictus,30335
dyacopterus spadiceus,326081
echelus uropterus,913735
echinosorex gymnura,162630
eclectus roratus,176024
egretta garzetta,188379
eidolon dupreanum,58063
eidolon helvum,77214
elaphe taeniura,74398
elaphodus cephalophus,109298
elaphurus davidianus,43332
elapsoidea loveridgei,1539979
eleginus gracilis,8047
elephas maximus,9783
eleutheronema tetradactylum,210139
eliurus majori,107283
eliurus minor,107284
eliurus tanala,107286
emberiza chrysophrys,504295
emberiza cioides,260902
emberiza elegans,160761
emberiza pusilla,74588
emberiza rustica,36250
emberiza spodocephala,125294
emberiza tristrami,267980
empidonax alnorum,209618
empidonax difficilis,183525
empidonax traillii,164674
emys blandingii,85613
enchelyopus cimbrius,81640
enhydra lutris,34882
enicognathus ferrugineus,1549141
eolophus roseicapilla,176039
eonycteris spelaea,58065
eophona migratoria,175941
eopsaltria australis,44318
eos bornea,274060
eos reticulata,176075
eothenomys cachinus,259049
eothenomys chinensis,577681
eothenomys custos,259050
eothenomys eleusis,259053
eothenomys eva,870527
eothenomys inez,870526
eothenomys melanogaster,82468
eothenomys miletus,259054
epalzeorhynchos frenatus,699554
epalzeorhynchos kalopterus,699555
epinephelus aeneus,179536
epinephelus akaara,215347
epinephelus areolatus,160715
epinephelus awoara,152218
epinephelus coioides,94232
epinephelus costae,309632
epinephelus fasciatus,160718
epinephelus fuscoguttatus,293821
epinephelus fuscoguttatus x epinephelus lanceolatus,1074816
epinephelus fuscoguttatus x epinephelus polyphekadion,2528762
epinephelus lanceolatus,310571
epinephelus malabaricus,162300
epinephelus marginatus,179535
epinephelus moara x epinephelus lanceolatus,1849795
epinephelus morio,153620
epinephelus quoyanus,308564
epinephelus tauvina,203262
episoriculus leucops,862700
epomophorus gambianus,372077
epomophorus labiatus,903567
epomophorus wahlbergi,58067
epomops franqueti,77231
eptatretus burgeri,7764
eptesicus brasiliensis,177183
eptesicus diminutus,159320
eptesicus furinalis,124746
eptesicus fuscus,29078
eptesicus hottentotus,258906
eptesicus isabellinus,502802
eptesicus japonensis,2080586
eptesicus nilssonii,59451
eptesicus regulus,138978
eptesicus serotinus,59452
equus asinus,9793
equus asinus x caballus,319699
equus burchellii,9790
equus caballus,9796
equus caballus x asinus,1050200
equus ferus,1114792
equus grevyi,9792
equus hemionus,9794
equus kiang,94398
equus przewalskii,9798
equus zebra,9791
erethizon dorsatum,34844
eretmochelys imbricata,27787
erinaceus amurensis,757341
erinaceus europaeus,9365
erinaceus roumanicus,1052165
erithacus rubecula,37610
erythrocebus patas,9538
esox lucius,8010
esox masquinongy,126735
estrilda melpoda,247542
estrilda troglodytes,247541
etheostoma fonticola,641303
etroplus canarensis,302778
etroplus suratensis,238232
eubalaena australis,160595
eubleekeria splendens,218808
euderma maculatum,153291
eudocimus albus,371913
eudorcas thomsonii,69308
eudromia elegans,8805
eudyptula minor,37083
eulemur coronatus,13514
eulemur macaco,30602
eulemur rufifrons,859984
eumetopias jubatus,34886
eumops auripendulus,124747
eumops bonariensis,649740
eumops glaucinus,27619
eumops patagonicus,1115866
eumops perotis,27620
eunectes murinus,51876
eunymphicus cornutus,119403
euphagus cyanocephalus,84817
euplectes afer,229097
eupodotis senegalensis,89385
euprepiophis mandarinus,74365
eupsittula aurea,51898
eurillas virens,1743266
eurycea wilderae,52111
eutrigla gurnardus,426098
eviota zebrina,1459826
evynnis cardinalis,497151
evynnis tumifrons,119711
falco cherrug,345164
falco columbarius,8953
falco fasciinucha,453957
falco femoralis,56349
falco mexicanus,279964
falco naumanni,148594
falco peregrinus,8954
falco punctatus,148596
falco rusticolus,120794
falco sparverius,56350
falco subbuteo,344233
falco tinnunculus,100819
falco vespertinus,56351
falcunculus frontatus,254539
falsistrellus mackenziei,2491053
fejervarya limnocharis,110108
felis catus,9685
felis nigripes,61379
felis silvestris,9683
ficedula mugimaki,369969
ficedula parva,126711
ficedula zanthopygia,369970
formicarius analis,123377
forpus coelestis,309844
forpus xanthopterygius,345187
francolinus pintadeanus,472989
fratercula arctica,28701
fratercula corniculata,28702
fregata magnificens,37042
fringilla coelebs,37598
fringilla montifringilla,36255
fulica americana,81903
fulica armillata,555254
fulica atra,9121
fulica rufifrons,555257
fulmarus glacialis,30455
fundulus heteroclitus,8078
funisciurus anerythrus,1235483
furcifer pardalis,187939
gadiculus argenteus,185737
gadus chalcogrammus,1042646
gadus macrocephalus,80720
gadus morhua,8049
gaidropsarus mediterraneus,426100
galago senegalensis,9465
galerella pulverulenta,55052
galerella sanguinea,210644
galeus sauteri,263710
galidia elegans,61400
gallicrex cinerea,261967
gallinago gallinago,107377
gallinula chloropus,9123
gallus gallus,9031
gallus sonneratii,9033
gambusia holbrooki,37273
garra rufa,137080
garrulax canorus,238855
garrulus glandarius,56783
gasterosteus aculeatus,69293
gavia immer,37039
gazella arabica,1229624
gazella dorcas,37751
gazella gazella,69302
gazella spekei,69307
gazella subgutturosa,59529
gazza minuta,218819
gekko gecko,36310
gekko similignum,2116494
genetta genetta,94190
geoclemys hamiltonii,260639
geopelia placida,471127
geospiza fortis,48883
geothlypis tolmiei,142474
geothlypis trichas,135433
geotrygon montana,115651
gephyroberyx darwinii,334984
gerbilliscus kempi,410301
gerbilliscus leucogaster,410302
gerrhosaurus nigrolineatus,143504
gerygone albofrontata,1389957
giraffa camelopardalis,9894
giraffa giraffa,439325
giraffa reticulata,409609
girella tricuspidata,214659
glis glis,41261
globicephala macrorhynchus,38241
globicephala melas,9731
glossophaga commissarisi,177159
glossophaga soricina,27638
glossopsitta concinna,176041
glyphorynchus spirurus,135974
glyptemys insculpta,335392
glyptemys muhlenbergii,335393
goniurosaurus luii,427908
gonorynchus abbreviatus,189504
gonyosoma oxycephalum,39313
gopherus agassizii,38772
gopherus berlandieri,286003
gorilla beringei,499232
gorilla gorilla,9593
goura cristata,115654
gracula religiosa,116992
grallina cyanoleuca,254541
grammomys macmillani,248794
grampus griseus,83653
graptemys geographica,8481
grus americana,9117
grus grus,40816
grus japonensis,30415
grus monacha,40818
grus nigricollis,40817
grus paradisea,1171711
grus virgo,9111
guaruba guarouba,51906
gulo gulo,48420
gymnocorymbus ternetzi,42494
gymnogyps californianus,33616
gymnopithys rufigula,468484
gymnorhina tibicen,9132
gymnothorax reticularis,189505
gyps fulvus,36247
gyps himalayensis,36248
gyps indicus,341451
gyrinophilus porphyriticus,134760
haematopus ater,185689
haematopus moquini,2587770
haematopus ostralegus,31908
haematopus palliatus,279960
haematopus unicolor,458153
haemorhous mexicanus,30427
halcyon smyrnensis,1003843
haliaeetus albicilla,8969
haliaeetus leucocephalus,52644
haliaeetus leucogaster,52645
haliaeetus pelagicus,52647
halichoerus grypus,9711
halieutaea stellata,215329
halobatrachus didactylus,101187
hapalemur griseus,13557
hebius popei,1591025
heimyscus fumosus,209871
helarctos malayanus,9634
helicolenus barathri,443698
heliosciurus gambianus,1235482
heloderma horridum,8551
heloderma suspectum,8554
hemibagrus guttatus,175788
hemiculter leucisculus,75350
hemidactylus bowringii,146913
hemidactylus frenatus,47729
hemiphaga novaeseelandiae,262124
hemitheconyx caudicinctus,96741
hemitragus jemlahicus,37179
hemitriakis japanica,376633
hemitrygon akajei,2704970
herpestes ichneumon,9700
herpestes urva,328699
hieraaetus pennatus,70275
himantopus himantopus,225398
himantopus mexicanus,227231
himatione sanguinea,64801
hime japonica,136300
hippoglossus hippoglossus,8267
hippopotamus amphibius,9833
hipposideros abae,249020
hipposideros armiger,186990
hipposideros beatus,635128
hipposideros bicolor,157961
hipposideros caffer,302402
hipposideros cervinus,170233
hipposideros cineraceus,270698
hipposideros diadema,59453
hipposideros fuliginosus,584995
hipposideros galeritus,58069
hipposideros grandis,354743
hipposideros larvatus,175524
hipposideros lekaguli,1207989
hipposideros pomona,334201
hipposideros pratti,188569
hipposideros ruber,463808
hipposideros terasensis,186991
hipposideros turpis,185215
hippotragus equinus,37186
hippotragus niger,37189
hirundo rustica,43150
histiotus macrotus,258919
histiotus montanus,1161940
histiotus velatus,742904
histrionicus histrionicus,68165
holochilus chacarius,218787
holochilus sciureus,89098
homalopsis buccata,192599
homo sapiens,9606
hoolock hoolock,61851
hoplobatrachus occipitalis,127645
hoplobatrachus rugulosus,110072
hoplobatrachus tigerinus,103373
horabagrus nigricollaris,561366
hsunycteris thomasi,138705
hucho taimen,201498
huso huso,61971
hybognathus hankinsoni,181607
hybomys univittatus,71162
hydrochoerus hydrochaeris,10149
hydropotes inermis,9883
hydroprogne caspia,425641
hyla simplex,334658
hylaeamys megacephalus,89099
hylobates agilis,9579
hylobates albibarbis,716691
hylobates lar,9580
hylobates moloch,81572
hylobates muelleri,9588
hylobates pileatus,9589
hylocichla mustelina,172420
hylomyscus endorobae,1427027
hylomyscus pamfi,913014
hylomyscus parvus,209855
hylomyscus simus,337584
hylomyscus stella,41265
hylopetes phayrei,100945
hynobius nebulosus,294368
hypocnemis cantator,88175
hypophthalmichthys molitrix,13095
hypophthalmichthys nobilis,7965
hyporhamphus australis,159453
hyporhamphus sajori,293917
hyporthodus septemfasciatus,232417
hypothymis azurea,107210
hypseleotris klunzingeri,166778
hypsignathus monstrosus,448084
hypsipetes amaurotis,374649
hypsugo alaschanicus,999321
hypsugo pulveratus,867834
hypsugo savii,109485
hystrix brachyura,143286
ia io,360967
iberolacerta cyreni,178820
iberolacerta monticola,178821
ichneumia albicauda,205599
ichthyaetus ichthyaetus,126702
ichthyaetus leucophthalmus,328043
ichthyaetus melanocephalus,1288290
ichthyophis bannanicus,8453
ichthyosaura alpestris,54263
ichthyscopus lebeck,270582
ictalurus furcatus,66913
ictalurus punctatus,7998
icteria virens,135437
icterus spurius,84829
ictinia mississippiensis,371914
iguana iguana,8517
indopacetus pacificus,221924
indotestudo forstenii,260613
indri indri,34827
inia boliviensis,149089
inimicus japonicus,652442
isleria hauxwelli,88177
isoodon obesulus,65612
ixobrychus eurhythmus,670346
ixobrychus sinensis,188382
johnius dussumieri,459284
junco hyemalis,40217
jynx torquilla,189526
kaloula pulchra,167934
kareius bicoloratus,143345
katsuwonus pelamis,8226
kerivoula argentata,1429989
kerivoula titania,633648
kinosternon subrubrum,142487
kobus ellipsiprymnus,9962
kogia breviceps,27615
kogia sima,9752
kryptopterus bicirrhis,310914
kuhlia rupestris,274803
labeo catla,72446
labeo rohita,84645
labroides dimidiatus,241309
labrus bergylta,56723
lacerta schreiberi,80442
laephotis capensis,110938
lagenodelphis hosei,103594
lagenorhynchus acutus,90246
lagenorhynchus albirostris,27610
lagenorhynchus obliquidens,90247
lagopus lagopus,52650
lagopus muta,64668
lagothrix lagotricha,9519
lagothrix lugens,767355
lagurus lagurus,175522
lama glama,9844
lama guanicoe,9840
lampetra fluviatilis,7748
lampropeltis californiae,1240242
lampropeltis triangulum,140017
lanius cristatus,337178
lanius ludovicianus,28713
lanius schach,276763
larimichthys crocea,215358
larus argentatus,35669
larus armenicus,119635
larus californicus,126681
larus canus,28681
larus crassirostris,179808
larus delawarensis,126683
larus dominicanus,37036
larus fuscus,8915
larus glaucescens,119606
larus glaucoides,118194
larus hyperboreus,119637
larus marinus,8912
larus michahellis,119627
larus mongolicus,119967
larus schistisagus,119607
larus smithsonianus,243888
larvivora sibilans,433637
lasionycteris noctivagans,27667
lasiopodomys gregalis,1449541
lasiurus blossevillii,258932
lasiurus borealis,258930
lasiurus seminolus,258929
lateolabrax japonicus,8164
lateolabrax maculatus,315492
lates calcarifer,8187
lathamus discolor,678569
latris lineata,97162
leiognathus equulus,218804
leiopotherapon unicolor,317033
leiothlypis celata,62259
leiothrix argentauris,201335
leiothrix lutea,36275
lemmus sibiricus,84769
lemniscomys rosalia,121566
lemniscomys striatus,121567
lemur catta,9447
leontocebus nigricollis,9489
leontopithecus chrysomelas,57374
leontopithecus rosalia,30588
leopardus geoffroyi,46844
leopardus guigna,61386
leopardus pardalis,32538
leopardus wiedii,61382
leopoldamys neilli,857467
leopoldamys sabanus,69073
lepidochelys kempii,8472
lepidochelys olivacea,27788
lepidotrigla alata,670522
lepilemur mustelinus,9453
lepomis gibbosus,270329
lepomis macrochirus,13106
leptailurus serval,61405
leptobrachium hainanense,461283
leptonychotes weddellii,9713
leptoptilos crumeniferus,33589
leptotila rufaxilla,115657
lepus americanus,48086
lepus capensis,9981
lepus corsicanus,100181
lepus europaeus,9983
lepus granatensis,100182
lepus timidus,62621
lethenteron camtschaticum,980415
leuciscus aspius,98928
leuciscus idus,69811
leucophaeus atricilla,126679
leucophaeus pipixcan,690715
leucophaeus scoresbii,328019
leucosticte tephrocotis,217134
lichonycteris obscura,1001577
limanda limanda,27771
limnodynastes ornatus,104071
limosa limosa,161680
linaria flavirostris,90717
liomys pictus,323369
lissonycteris angolensis,58071
lissotriton boscai,323757
lissotriton vulgaris,8324
lithobates catesbeianus,8400
lithobates clamitans,145282
lithobates grylio,190277
lithobates palustris,298395
lithobates pipiens,8404
lithobates septentrionalis,190274
lithobates sylvaticus,45438
lithognathus mormyrus,50591
liza parsia,568895
lonchorhina aurita,148061
lonchura atricapilla,1036803
lonchura maja,414889
lonchura punctulata,414892
lonchura striata,40157
lontra canadensis,76717
lophiomus setigerus,292417
lophius litulon,30790
lophocebus albigena,75567
lophocebus aterrimus,75566
lophochroa leadbeateri,471713
lophodytes cucullatus,279951
lophophorus impejanus,9040
lophura erythrophthalma,140443
lophura leucomelanos,140445
lophura nycthemera,9046
lophuromys aquilus,1162392
lophuromys dudui,2661599
lophuromys laticeps,2082263
lophuromys machangui,2082264
lophuromys nudicaudus,1116258
lophuromys sikapusi,83535
lophuromys stanleyi,2082267
lorius chlorocercus,471714
lota lota,69944
loxia curvirostra,64802
loxioides bailleui,286692
loxodonta africana,9785
loxodontomys micropus,89122
luscinia cyane,228306
lutjanus campechanus,40505
lutjanus gibbus,396786
lutjanus stellatus,211833
lutra lutra,9657
lycalopex fulvipes,354191
lycalopex gymnocercus,425201
lycalopex vetulus,68734
lycaon pictus,9622
lycodon rufozonatus,74361
lynx canadensis,61383
lynx lynx,13125
lynx pardinus,191816
lynx rufus,61384
lyrurus tetrix,1233216
macaca arctoides,9540
macaca assamensis,9551
macaca balantak,281404
macaca balantak x tonkeana,281405
macaca cyclopis,78449
macaca fascicularis,9541
macaca fuscata,9542
macaca leonina,90387
macaca maura,90383
macaca mulatta,9544
macaca nemestrina,9545
macaca radiata,9548
macaca silenus,54601
macaca sylvanus,9546
macaca thibetana,54602
macaca tonkeana,40843
maccullochella peelii,135761
macroglossus minimus,29076
macroglossus sobrinus,326083
macrognathus aculeatus,138129
macronectes giganteus,37057
macronycteris commersoni,110941
macronycteris gigas,584996
macronycteris vittata,2603869
macropodus opercularis,158451
macropus fuliginosus,9316
macropus giganteus,9317
macroramphosus scolopax,206124
macrourus berglax,473319
malacocephalus occidentalis,630739
malacochersus tornieri,286009
malacomys longipes,112226
malacorhynchus membranaceus,45646
malakichthys elegans,223801
malayopython reticulatus,1496311
malayopython timoriensis,51753
malurus cyaneus,55807
mandrillus leucophaeus,9568
mandrillus sphinx,9561
manis javanica,9974
manis pentadactyla,143292
manorina melanocephala,44314
mareca americana,75832
mareca falcata,75844
mareca penelope,8838
mareca sibilatrix,75858
mareca strepera,75861
marmosa murina,126295
marmosa paraguayana,225729
marmosets,38020
marmota caudata,71802
marmota flaviventris,93162
marmota himalayana,93163
marmota monax,9995
martes americana,9660
martes foina,9659
martes martes,29065
martes pennanti,76720
martes zibellina,36722
mastomys awashensis,644772
mastomys coucha,35658
mastomys erythroleucus,41268
mastomys natalensis,10112
mauremys megalocephala,260622
mauremys sinensis,260630
maxomys surifer,69081
mazama nana,397613
megaderma lyra,9413
megadyptes antipodes,37085
megaerops kusnotoi,374419
megaerops niphanae,77233
megaloglossus woermanni,58073
megaptera novaeangliae,9773
megascops choliba,507958
melanerpes carolinus,56083
melanitta americana,1581554
melanitta fusca,371864
melanitta nigra,198027
melanitta perspicillata,371863
melanogrammus aeglefinus,8056
melanospiza bicolor,111991
melanotaenia fluviatilis,120844
meleagris gallopavo,9103
meles leucurus,702266
meles meles,9662
mellivora capensis,9664
melogale moschata,204267
melomys burtoni,36796
melopsittacus undulatus,13146
melospiza melodia,44397
melursus ursinus,9636
mephitis macroura,30547
mephitis mephitis,30548
mergellus albellus,107026
mergus merganser,8880
meriones libycus,298886
meriones meridianus,261754
meriones shawi,37435
meriones tamariscinus,504099
meriones unguiculatus,10047
merlangius merlangus,8058
merluccius productus,89952
merops apiaster,265611
merops ornatus,361449
mesocricetus auratus,10036
mesophylla macconnelli,148094
mesoplodon bidens,48745
mesoplodon densirostris,48708
mesoplodon europaeus,27616
mesoplodon stejnegeri,52114
meuschenia flavolineata,2609496
micaelamys namaquensis,472707
microcanthus strigatus,163146
microcarbo niger,1517963
microcebus murinus,30608
microeca fascinans,461219
microgale cowani,329863
microgale dobsoni,1206715
microgale gymnorhyncha,1497433
microgale jobihely,364245
microgale longicaudata,229052
microgale majori,469768
microgale principula,229053
microgale taiva,364246
microhyla fissipes,387934
microhyla pulchra,143527
micromesistius poutassou,81636
micromys minutus,13151
micropogonias furnieri,278729
micropteropus pusillus,77235
micropterus dolomieu,147949
micropterus salmoides,27706
microstomus kitt,106175
microstomus pacificus,89058
microtus agrestis,29092
microtus arvalis,47230
microtus californicus,100895
microtus dogramacii,269652
microtus duodecimcostatus,184257
microtus fortis,100897
microtus guentheri,269655
microtus levis,537919
microtus majori,269657
microtus maximowiczii,470139
microtus montanus,88450
microtus obscurus,523745
microtus ochrogaster,79684
microtus oeconomus,64717
microtus pennsylvanicus,10058
microtus socialis,269658
mikrogeophagus ramirezi,284740
milvus migrans,52810
milvus milvus,43518
mimus parvulus,245849
mimus polyglottos,60713
miniopterus africanus,441364
miniopterus australis,117605
miniopterus fuliginosus,187007
miniopterus fuscus,187008
miniopterus gleni,409372
miniopterus griveaudi,568717
miniopterus inflatus,221087
miniopterus magnater,438766
miniopterus mahafaliensis,647620
miniopterus minor,221086
miniopterus mossambicus,1434095
miniopterus natalensis,291302
miniopterus pusillus,258934
miniopterus schreibersii,9433
miniopterus sororculus,947061
minous monodactylus,626227
miopithecus ogouensis,100488
miopithecus talapoin,36231
mirounga angustirostris,9716
mitu mitu,194921
mniotilta varia,182936
molossops neglectus,409036
molossus coibensis,999942
molossus currentium,1269259
molossus molossus,27622
molossus pretiosus,1982945
molossus rufus,124751
molossus sinaloae,58076
molothrus ater,84834
monachus monachus,248254
monodelphis iheringi,587434
monopterus albus,43700
montifringilla henrici,2557930
mops condylurus,258863
mops leucostigma,452596
mops midas,452595
morelia carinata,461328
morelia spilota,51896
morelia viridis,129333
mormopterus acetabulosus,525717
mormopterus jugularis,999964
morone americana,46260
morone chrysops,46259
morone saxatilis,34816
morone saxatilis x morone chrysops,1885027
moschus berezovskii,68408
moschus chrysogaster,68412
motacilla alba,45807
motacilla cinerea,56325
mugil cephalus,48193
mullus barbatus,37007
mullus surmuletus,87757
muntiacus reevesi,9886
murina aenea,685730
murina aurata,611780
murina cyclotis,177185
murina leucogaster,187017
murina ussuriensis,187021
mus baoulei,544437
mus booduga,27681
mus bufo,397332
mus caroli,10089
mus cervicolor,10097
mus cookii,10098
mus mattheyi,41270
mus minutoides,10105
mus musculoides,60742
mus musculus,10090
mus pahari,10093
mus setulosus,10102
mus spicilegus,10103
mus spretus,10096
mus terricolor,254704
mus triton,473865
muscicapa latirostris,670349
mustela kathiah,272460
mustela lutreola,9666
mustela nivalis,36239
mustela putorius,9668
mustela sibirica,36240
mustelus manazo,79736
myiarchus tyrannulus,196038
myiobius barbatus,190023
myiopsitta monachus,176066
myliobatis tobijei,55138
myocastor coypus,10157
myodes gapperi,473866
myodes glareolus,447135
myodes regulus,82464
myodes rufocanus,527686
myodes rutilus,537920
myonycteris torquata,77243
myosorex geata,150084
myosorex zinki,872998
myotis albescens,159322
myotis alcathoe,155916
myotis altarium,415933
myotis austroriparius,258936
myotis bechsteinii,59462
myotis blythii,109482
myotis brandtii,109478
myotis californicus,257882
myotis capaccinii,109477
myotis chiloensis,384634
myotis chinensis,225399
myotis ciliolabrum,257884
myotis dasycneme,159324
myotis daubentonii,98922
myotis davidii,225400
myotis emarginatus,109480
myotis escalerai,508772
myotis evotis,257883
myotis fimbriatus,452653
myotis frater,187012
myotis goudoti,203698
myotis horsfieldii,138977
myotis ikonnikovi,155915
myotis keaysi,159327
myotis keenii,257881
myotis laniger,452654
myotis leibii,27668
myotis levis,153285
myotis longipes,587652
myotis lucifugus,59463
myotis macrodactylus,187014
myotis macropus,138979
myotis muricola,159330
myotis myotis,51298
myotis myotis/blythii,1507424
myotis mystacinus,109479
myotis nattereri,109481
myotis nigricans,153286
myotis oxygnathus,412095
myotis oxyotus,159332
myotis pequinius,392004
myotis petax,526407
myotis punicus,386774
myotis ricketti,203696
myotis riparius,124752
myotis septentrionalis,258941
myotis siligorensis,258940
myotis thysanodes,153287
myotis velifer,9435
myotis volans,159335
myotis yumanensis,159337
myotomys unisulcatus,190455
myoxocephalus octodecemspinosus,68557
myrmecophaga tridactyla,71006
myrmoderus ferrugineus,468493
myrrophis chinensis,192589
mystacina tuberculata,94961
mystus gulio,568893
myuchelys georgesi,1041117
nadzikambia mlanjensis,414973
naemorhedus goral,34871
naja atra,8656
naja siamensis,84476
nanonycteris veldkampii,498220
nanorana parkeri,125878
nasalis larvatus,43780
nasua narica,352831
nasua nasua,9651
natrix maura,8585
natrix natrix,100823
neacomys musseri,218799
neacomys spinosus,48005
necromys benefactus,2059112
necromys lasiurus,30635
necromys obscurus,399317
necrosyrtes monachus,30399
nectomys squamipes,29117
negaprion brevirostris,7821
nematalosa erebi,316163
nemipterus randalli,1426789
nemipterus virgatus,450225
neochen jubata,8882
neochmia temporalis,247735
neodon clarkei,282341
neodon leucurus,399230
neofelis nebulosa,61452
neogobius melanostomus,47308
neomonachus schauinslandi,29088
neomys anomalus,52814
neomys fodiens,62282
neophema chrysogaster,678581
neophema splendida,492514
neopsephotus bourkii,309878
neoromicia brunneus,177184
neoromicia helios,1381466
neoromicia tenuipinnis,1238368
neotoma albigula,42408
neotoma cinerea,105147
neotoma lepida,56216
neotoma leucodon,268937
neotoma macrotis,349162
neotoma mexicana,105149
neotoma micropus,105150
neovison vison,452646
nephelomys albigularis,530178
nephelomys devius,1734924
nestor notabilis,176057
netta peposaca,541013
netta rufina,30387
neurergus crocatus,213851
neurotrichus gibbsii,182677
ninox boobook,507961
ninox novaeseelandiae,57242
ninox strenua,73883
nipponia nippon,128390
nisaetus nipalensis,214438
niviventer confucianus,248811
niviventer coninga,357352
niviventer eha,425033
niviventer excelsior,349709
niviventer fulvescens,83774
niviventer niviventer,83757
nomascus gabriellae,61852
nomascus leucogenys,61853
northiella haematogaster,504065
notamacropus agilis,9313
notemigonus crysoleucas,28800
notophthalmus viridescens,8316
notropis atherinoides,67550
numenius arquata,31919
numenius phaeopus,161676
numida meleagris,8996
nyctalus lasiopterus,59464
nyctalus leisleri,59465
nyctalus noctula,51300
nyctalus plancyi,375553
nyctalus velutinus,187011
nyctereutes procyonoides,34880
nycteris grandis,178896
nycteris hispida,270766
nycteris macrotis,175523
nycteris thebaica,59467
nycticebus coucang,9470
nycticebus pygmaeus,101278
nycticeius humeralis,27670
nycticorax nycticorax,8901
nyctimene cephalotes,170209
nyctinomops laticaudatus,27627
nyctinomops macrotis,124753
nyctophilus geoffroyi,258945
nyctophilus gouldi,59471
nymphicus hollandicus,13180
oceanodroma homochroa,126866
ochotona alpina,130819
ochotona curzoniae,130825
ochotona thibetana,130843
ocyphaps lophotes,187128
odobenus rosmarus,9707
odocoileus hemionus,9872
odocoileus virginianus,9874
odorrana tormota,448114
oecomys auyantepui,200943
oecomys bicolor,48011
oecomys rutilus,200942
oena capensis,115679
oenanthe isabellina,358819
okamejei acutispina,417955
okapia johnstoni,86973
oligodon formosanus,928514
oligoryzomys chacoensis,37015
oligoryzomys flavescens,218824
oligoryzomys fornesi,220337
oligoryzomys fulvescens,218825
oligoryzomys longicaudatus,137207
oligoryzomys mattogrossae,2034202
oligoryzomys microtis,48008
oligoryzomys nigripes,37017
oligoryzomys utiaritensis,1132650
oligoryzomys vegetus,37018
oncorhynchus clarkii,30962
oncorhynchus gilae,64185
oncorhynchus gorbuscha,8017
oncorhynchus keta,8018
oncorhynchus kisutch,8019
oncorhynchus masou,8020
oncorhynchus mykiss,8022
oncorhynchus nerka,8023
oncorhynchus tshawytscha,74940
ondatra zibethicus,10060
onychoprion fuscatus,425648
onychostruthus taczanowskii,356909
oophaga pumilio,51950
opheodrys aestivus,186591
opheodrys vernalis,469619
ophthalmotilapia ventralis,27755
oplegnathus fasciatus,163134
oplegnathus punctatus,163135
orcinus orca,9733
oreamnos americanus,34873
oreochromis aureus x oreochromis niloticus,239089
oreochromis mossambicus,8127
oreochromis niloticus,8128
oreochromis niloticus x oreochromis aureus,1569704
orientallactaga sibirica,234626
oriolus flavocinctus,449354
oriolus oriolus,181099
ortalis vetula,8984
oryctolagus cuniculus,9986
oryx dammah,59534
oryx gazella,9958
oryx leucoryx,39411
oryzoborus crassirostris,200159
oryzomys couesi,160399
oryzomys palustris,37020
osmerus mordax,8014
osphronemus goramy,270604
ostichthys japonicus,181437
ostracion cubicus,229058
otaria byronia,161932
otis tarda,73107
otocolobus manul,61408
otocyon megalotis,9624
otolemur crassicaudatus,9463
otomops madagascariensis,423244
otomops martiensseni,258867
otus scops,126827
ovibos moschatus,37176
ovis ammon,30527
ovis aries,9940
ovis canadensis,37174
ovis dalli,9943
ovis orientalis,469796
oxyeleotris lineolata,308080
oxyeleotris marmorata,86250
oxymycterus judex,196086
oxymycterus nasutus,134911
oxymycterus rufus,56230
oxyura jamaicensis,8884
pachytriton brevipes,377299
pagellus acarne,98817
pagellus erythrinus,50593
pagrus auratus,75562
pagrus auriga,63415
pagrus major,143350
pagrus pagrus,8173
paguma larvata,9675
pampus argenteus,206143
pampus punctatissimus,316145
pan paniscus,9597
pan troglodytes,9598
pangasianodon hypophthalmus,310915
panthera leo,9689
panthera onca,9690
panthera pardus,9691
panthera tigris,9694
panthera uncia,29064
pantherophis guttatus,94885
pantherophis obsoletus,39099
pantholops hodgsonii,59538
panurus biarmicus,181101
papio anubis,9555
papio cynocephalus,9556
papio hamadryas,9557
papio kindae,208091
papio papio,100937
papio ursinus,36229
parabuteo unicinctus,223492
paradoxurus hermaphroditus,71117
paradoxurus zeylonensis,643839
parahyaena brunnea,172271
parahypsugo crassulus,1286224
paralichthys lethostigma,141886
paralichthys olivaceus,8255
parambassis ranga,210632
parapercis lutevittata,744268
parapercis pacifica,1522411
parapercis sexfasciata,261519
parapristipoma trilineatum,360507
parascorpaena picta,626229
parastrellus hesperus,712816
paratriaenops furculus,258843
pardalotus punctatus,254575
parkesia noveboracensis,182947
parupeneus cyclostomus,586844
paruromys dominator,472713
parus major,9157
parvipsitta porphyrocephala,503988
passer domesticus,48849
passer montanus,9160
passerella iliaca,44389
passerina cyanea,84843
pavo cristatus,9049
pavo muticus,9050
pecari tajacu,9829
pelates quadrilineatus,546549
pelea capreolus,59552
pelecanus conspicillatus,317791
pelecanus crispus,36300
pelecanus erythrorhynchos,33618
pelecanus occidentalis,37043
pelecanus philippensis,459765
pelecus cultratus,317925
pelobates fuscus,191477
pelodiscus sinensis,13735
pelophylax chosenicus,512019
pelophylax lessonae,45623
pelophylax nigromaculatus,8409
pelophylax plancyi,109178
pelophylax ridibundus,8406
pelusios williamsi,55535
penelope superciliaris,8987
penelopina nigra,116996
peponocephala electra,103596
perameles bougainville,120735
perca flavescens,8167
perca fluviatilis,8168
percalates novemaculeata,45783
percocypris pingi,369654
percopsis omiscomaycus,81381
perdix perdix,9052
perimyotis subflavus,27672
periparus ater,156567
peromyscus attwateri,97206
peromyscus aztecus,57100
peromyscus beatae,99538
peromyscus boylii,56316
peromyscus californicus,42520
peromyscus crinitus,144753
peromyscus eremicus,42410
peromyscus hylocetes,57104
peromyscus leucopus,10041
peromyscus levipes,97209
peromyscus maniculatus,10042
peromyscus megalops,322709
peromyscus melanotis,42412
peromyscus mexicanus,56317
peromyscus ochraventer,414442
peromyscus pectoralis,97213
peromyscus spicilegus,57105
peromyscus truei,89101
peropteryx macrotis,249015
petaurus breviceps,34899
petrogale godmani,54082
petroica longipes,369490
petroica traversi,228564
phacochoerus aethiopicus,85517
phacochoerus africanus,41426
phalacrocorax auritus,56069
phalacrocorax brasilianus,37046
phalacrocorax capensis,146614
phalacrocorax capillatus,146617
phalacrocorax carbo,9209
phalacrocorax pelagicus,2723871
phascolarctos cinereus,38626
phasianus colchicus,9054
pheucticus melanocephalus,371919
philander opossum,9272
philantomba maxwellii,907741
philantomba monticola,907742
philesturnus carunculatus,192213
philydor erythrocercum,873176
phoca fasciata,39088
phoca groenlandica,39089
phoca largha,39090
phoca vitulina,9720
phocoena phocoena,9742
phocoena spinipinnis,27614
phodopus roborovskii,109678
phodopus sungorus,10044
phoebastria immutabilis,54020
phoeniconaias minor,704175
phoenicopterus chilensis,117000
phoenicopterus roseus,435638
phoenicopterus ruber,9217
phoeniculus purpureus,113189
phoenicurus auroreus,358814
phoenicurus phoenicurus,121423
photopectoralis bindus,274455
phylidonyris novaehollandiae,266418
phylloscopus collybita,48150
phylloscopus coronatus,125291
phylloscopus fuscatus,56430
phylloscopus inornatus,56436
phylloscopus proregulus,56435
phylloscopus schwarzi,56429
phylloscopus tenellipes,56440
phyllostomus discolor,89673
phyllostomus hastatus,9423
physeter catodon,9755
physiculus japonicus,181408
piaya minuta,121399
pica hudsonia,158052
pica nuttalli,114087
pica pica,34924
picoides villosus,51356
picus canus,301969
piliocolobus badius,164648
piliocolobus rufomitratus,591934
piliocolobus tephrosceles,591936
piliocolobus tholloni,591935
pimephales promelas,90988
pinicola enucleator,175947
pionites leucogaster,345186
pionus chalcopterus,151768
pionus fuscus,303320
pionus maximiliani,303305
pionus menstruus,13214
pipistrellus abramus,105295
pipistrellus coromandra,258946
pipistrellus hesperidus,294653
pipistrellus kuhlii,59472
pipistrellus nanulus,1001556
pipistrellus nathusii,59473
pipistrellus pipistrellus,59474
pipistrellus pygmaeus,246814
piranga ludoviciana,63520
pitangus sulphuratus,371930
pithecia pithecia,43777
pituophis catenifer,94850
pituophis melanoleucus,8595
planiliza affinis,479651
planiliza tade,455471
platalea minor,259913
platax orbicularis,75032
platichthys flesus,8260
platichthys stellatus,195632
platycephalus indicus,270568
platycephalus richardsoni,1230718
platycercus elegans,269190
platycercus eximius,141282
platycercus venustus,471715
platyrrhinus lineatus,410852
plecoglossus altivelis,61084
plecotus auritus,61862
plecotus austriacus,109483
plecotus gaisleri,272799
plecotus sacrimontis,360159
plectrophenax nivalis,161627
plectropomus leopardus,160734
plectropterus gambensis,658924
plegadis falcinellus,52788
pleuronectes platessa,8262
pleuronichthys japonicus,1195776
ploceus cucullatus,135448
ploceus melanocephalus,441723
ploceus ocularis,187443
ploceus vitellinus,441713
pluvialis fulva,371922
pluvialis squatarola,171273
podargus strigoides,8905
podiceps cristatus,345573
podiceps grisegena,80367
poecile atricapillus,48891
poecile carolinensis,48892
poecile montanus,48895
poecile palustris,48890
poecilia latipinna,48699
poecilia reticulata,8081
poecilia sphenops,69235
poephila acuticauda,259256
poephila personata,522439
pogona barbata,52202
pogona minor,206602
pogona vitticeps,103695
poicephalus cryptoxanthus,234075
poicephalus gulielmi,241588
poicephalus meyeri,281916
poicephalus robustus,190152
poicephalus rueppellii,1549155
poicephalus rufiventris,523728
poicephalus senegalus,176045
polioptila caerulea,66707
pollachius virens,8060
polypedates megacephalus,68449
polyplectron malacense,142660
polysticta stelleri,234623
polytelis anthopeplus,35545
polytelis swainsonii,1288897
pomacanthus imperator,109711
pomacanthus xanthometopon,109715
pomatoschistus minutus,13225
pongo abelii,9601
pongo pygmaeus,9600
porcula salvania,476284
poropanchax normani,691897
porphyrio martinica,54567
potamochoerus larvatus,273792
potamochoerus porcus,273791
potos flavus,29067
praomys derooi,1159791
praomys jacksoni,209866
praomys misonnei,209867
praomys mutoni,526885
praomys petteri,209868
praomys tullbergi,209869
priacanthus macracanthus,270572
primolius auricollis,178892
primolius couloni,178893
primolius maracana,178894
priodontes maximus,183752
prionailurus bengalensis,37029
prionailurus viverrinus,61388
prionodon linsang,94194
pristiapogon exostigma,316347
pristipomoides sieboldii,443712
probosciger aterrimus,141839
procapra gutturosa,157669
procapra przewalskii,157668
procarduelis nipalensis,175932
procavia capensis,9813
procolobus verus,373033
procyon cancrivorus,92522
procyon lotor,9654
proechimys cuvieri,128106
proechimys guyannensis,128105
proechimys semispinosus,1246547
progne subis,173220
promerops cafer,254652
propithecus coquereli,379532
propithecus diadema,83281
proscyllium habereri,263716
proteles cristata,9680
prunella modularis,181117
prunella montanella,187444
psammomys obesus,48139
psenopsis anomala,163124
psephotellus chrysopterygius,1107342
psephotellus dissimilis,515672
psephotellus varius,286129
psephotus haematonotus,176047
pseudacris maculata,242562
pseudanthias squamipinnis,270578
pseudemys concinna,270252
pseudocaranx dentex,349646
pseudochondrostoma polylepis,52620
pseudohemiculter dispar,352917
pseudois nayaur,59542
pseudopleuronectes americanus,8265
pseudopleuronectes yokohamae,245875
pseudorasbora parva,51549
pseudorca crassidens,82174
pseudorhombus arsius,253863
pseudorhombus cinnamoneus,171416
pseudoscops clamator,555335
psittacara erythrogenys,12946
psittacara leucophthalmus,178885
psittacara wagleri,867391
psittacula alexandri,232635
psittacula cyanocephala,232645
psittacula derbiana,57074
psittacula echo,232653
psittacula eques,1560315
psittacula eupatria,232655
psittacula finschii,703991
psittacula himalayana,232620
psittacula krameri,9228
psittacus erithacus,57247
psittacus timneh,1549196
psitteuteles goldiei,176074
ptenochirus jagori,132907
pterapogon kauderni,215349
pteroglossus viridis,285011
pteronotus alitonus,2203464
pteronotus davyi,94956
pteronotus parnellii,59476
pteronotus personatus,118856
pteronotus rubiginosus,280976
pterophyllum scalare,74131
pteropus alecto,9402
pteropus conspicillatus,328804
pteropus giganteus,143291
pteropus hypomelanus,9405
pteropus lylei,166054
pteropus melanotus,1562755
pteropus poliocephalus,9403
pteropus rufus,196297
pteropus scapulatus,94117
pteropus tonganus,77217
pteropus vampyrus,132908
pterygotrigla hemisticta,1367116
ptilonorhynchus violaceus,28724
ptilotula penicillata,481899
ptyas major,192173
pudu puda,163861
puma concolor,9696
puma yagouaroundi,1608482
purpureicephalus spurius,336387
pusa caspica,693431
pusa hispida,9718
pusa sibirica,9719
pycnonotus jocosus,182897
pycnonotus leucotis,1208751
pycnonotus sinensis,125283
pygathrix nemaeus,54133
pygocentrus nattereri,42514
pygoscelis adeliae,9238
pygoscelis antarcticus,79643
pygoscelis papua,30457
pyriglena leucoptera,265639
pyroderus scutatus,114375
pyrrhula erythaca,175815
pyrrhula pyrrhula,37607
pyrrhura cruentata,311901
pyrrhura frontalis,211511
pyrrhura griseipectus,311890
pyrrhura molinae,311895
python anchietae,1488551
python bivittatus,176946
python breitensteini,2083012
python brongersmai,461330
python curtus,143536
python molurus,51750
python regius,51751
pytilia hypogrammica,247529
pyxis arachnoides,66194
quasipaa spinosa,109965
quelea quelea,187445
quiscalus major,84780
quiscalus quiscula,84782
rachycentron canadum,141264
rallus aquaticus,54496
ramphastos toco,95723
ramphocelus carbo,36730
rana dalmatina,51331
rana dybowskii,71582
rana huanrensis,113383
rana temporaria,8407
rangifer tarandus,9870
ranoidea caerulea,30344
ranoidea splendida,30345
rattus andamanensis,69077
rattus annandalei,1799704
rattus argentiventer,83752
rattus exulans,34854
rattus flavipectus,69074
rattus hoffmanni,435406
rattus losea,69075
rattus nitidus,508668
rattus norvegicus,10116
rattus rattus,10117
rattus tanezumi,35732
rattus tiomanicus,83755
rattus xanthurus,2683850
recurvirostra novaehollandiae,2202208
regulus satrapa,13245
reinhardtius hippoglossoides,111784
reithrodontomys creper,319462
reithrodontomys fulvescens,56213
reithrodontomys megalotis,44234
reithrodontomys mexicanus,89150
reithrodontomys sumichrasti,89102
retropinna semoni,182228
rexea solandri,59946
rhabdomys pumilio,121573
rhabdophis tigrinus,126484
rhinella marina,8386
rhinobatos hynnicephalus,42863
rhinoceros unicornis,9809
rhinolophus acuminatus,320431
rhinolophus affinis,59477
rhinolophus alcyone,249024
rhinolophus arcuatus,76834
rhinolophus blasii,519037
rhinolophus blythi,376555
rhinolophus capensis,302408
rhinolophus clivosus,59478
rhinolophus coelophyllus,867891
rhinolophus cornutus,196296
rhinolophus creaghi,178895
rhinolophus darlingi,49443
rhinolophus denti,608656
rhinolophus eloquens,519038
rhinolophus euryale,109476
rhinolophus ferrumequinum,59479
rhinolophus fumigatus,302410
rhinolophus hildebrandti,302411
rhinolophus hipposideros,77218
rhinolophus landeri,519039
rhinolophus lepidus,188570
rhinolophus lobatus,2603865
rhinolophus luctus,337453
rhinolophus macrotis,196889
rhinolophus malayanus,608659
rhinolophus megaphyllus,76836
rhinolophus mehelyi,342862
rhinolophus monoceros,169756
rhinolophus pearsonii,188571
rhinolophus pusillus,159858
rhinolophus rex,188572
rhinolophus rhodesiae,2603866
rhinolophus rouxii,89398
rhinolophus shameli,608708
rhinolophus simulator,519041
rhinolophus sinicus,89399
rhinolophus stheno,430491
rhinolophus thomasi,476589
rhinolophus trifoliatus,430492
rhinonicteris aurantia,270786
rhinophylla pumilio,138707
rhinopithecus roxellana,61622
rhinopoma hardwickii,124756
rhinosciurus laticaudatus,226571
rhipidura albiscapa,315356
rhizomys pruinosus,53275
rhizomys sinensis,146130
rhogeessa tumida,153299
rhombomys opimus,186474
rhynchobatus djiddensis,195333
rhynchonycteris naso,249017
rhynchotus rufescens,30466
rieppeleon brevicaudatus,338556
riparia paludicola,317125
rissa tridactyla,75485
rousettus aegyptiacus,9407
rousettus amplexicaudatus,58083
rousettus leschenaultii,9408
rousettus madagascariensis,77223
rupicapra pyrenaica,72545
rupicapra rupicapra,34869
rupornis magnirostris,2709556
rusa alfredi,1088129
rusa timorensis,1088130
rusa unicolor,662561
rutilus rutilus,48668
ruwenzorisorex suncoides,150086
rynchops niger,227184
saccolaimus flaviventris,446910
saccolaimus saccolaimus,526813
saccopteryx bilineata,59482
saguinus imperator,9491
saguinus labiatus,78454
saguinus midas,30586
saguinus mystax,9488
saguinus oedipus,9490
saimiri boliviensis,27679
saimiri sciureus,9521
saimiri ustus,66265
salamandra salamandra,57571
salaria fluviatilis,195082
salmo macrostigma,157020
salmo marmoratus,33518
salmo salar,8030
salmo trutta,8032
saltator maximus,460219
salvelinus alpinus,8036
salvelinus fontinalis,8038
salvelinus namaycush,8040
sander lucioperca,283035
sander vitreus,283036
sapajus apella,9515
sapajus libidinosus,1126382
sapajus nigritus,867366
sapajus xanthosternos,174599
sarcophilus harrisii,9305
sarda australis,334879
sarda orientalis,8230
sardina pilchardus,27697
sardinella aurita,196071
sardinella lemuru,392307
sardinella longiceps,96888
sardinops caeruleus,196073
sardinops sagax,28381
sargocentron ittodai,699551
sarkidiornis sylvicola,1577981
sarpa salpa,87759
saurida lessepsianus,1961710
saurida undosquamis,143315
saxicola torquatus,230656
scalopus aquaticus,71119
scaphirhynchus albus,36178
scaphirhynchus platorynchus,7910
scaptonyx fusicaudus,224955
scarus rubroviolaceus,247628
sciaenops ocellatus,76340
sciurus carolinensis,30640
sciurus granatensis,226870
sciurus griseus,53278
sciurus niger,34861
sciurus variegatoides,226875
sciurus vulgaris,55149
scleropages formosus,113540
scoliodon macrorhynchos,1053780
scolopax rusticola,100826
scomber japonicus,13676
scomber scombrus,13677
scophthalmus maximus,52904
scorpaena jacksoniensis,2269373
scorpaena scrofa,210004
scortum barcoo,214431
scotinomys xerampelinus,89107
scotophilus dinganii,258952
scotophilus heathii,159339
scotophilus kuhlii,153297
scotophilus leucogaster,249034
scotophilus nux,258953
sebastes melanops,72085
sebastes mentella,394696
sebastes nigrocinctus,72089
sebastes schlegelii,214486
seiurus aurocapilla,182946
semnopithecus entellus,88029
serinus canaria,9135
serinus leucopygius,54774
seriola dumerili,41447
seriola quinqueradiata,8161
serranus cabrilla,94953
setonix brachyurus,30670
setophaga coronata,111975
setophaga petechia,123631
setophaga striata,1212470
sibirionetta formosa,56278
siganus canaliculatus,75042
siganus luridus,226939
sigmodon alstoni,134742
sigmodon hispidus,42415
sigmodon mascotensis,42416
sillago ciliata,443722
sillago flindersi,443723
sillago sihama,435225
silurus glanis,94993
silurus soldatovi,1407129
siniperca chuatsi,119488
siniperca scherzeri,228252
sitta canadensis,50249
sitta europaea,50251
solea senegalensis,28829
solea solea,90069
somateria fischeri,50367
somateria mollissima,76058
somateria spectabilis,203439
sorex araneus,42254
sorex bairdi,113357
sorex caecutiens,62276
sorex cinereus,36803
sorex coronatus,62895
sorex cylindricauda,268767
sorex daphaenodon,62272
sorex fumeus,62283
sorex haydeni,9383
sorex hoyi,9384
sorex isodon,62281
sorex minutissimus,62274
sorex minutus,62280
sorex mirabilis,62289
sorex monticolus,62903
sorex palustris,46219
sorex roboratus,62288
sorex trowbridgii,62906
sorex tundrensis,62287
sorex unguiculatus,62275
sorex vagrans,62905
sotalia guianensis,338729
sousa chinensis,103600
sparus aurata,8175
spatula clypeata,75838
spatula discors,75842
spermophilus dauricus,99837
spermophilus erythrogenys,99840
spheniscus demersus,92683
spheniscus humboldti,9240
spheniscus magellanicus,37081
sphyraena japonica,392545
sphyraena sphyraena,13692
sphyrna lewini,7823
spicara smaris,119752
spilogale putorius,30552
spilopelia chinensis,115700
spilopelia senegalensis,135635
spilornis cheela,208451
spinus atratus,160755
spinus cucullatus,273489
spinus pinus,2201931
spinus spinus,160760
spinus tristis,54773
spondyliosoma cantharus,50595
sporophila angolensis,2578067
sprattus sprattus,196075
squalius cephalus,8284
squalus brevirostris,436290
steatomys pratensis,1890068
stegastes partitus,144197
stenella coeruleoalba,9737
stenella frontalis,103590
stenella longirostris,9736
steno bredanensis,46167
stenocephalemys albipes,485440
stercorarius lonnbergi,54054
stercorarius maccormicki,395889
sterna hirundo,108405
sternula albifrons,507597
sternula antillarum,471862
stigmochelys pardalis,569598
stizoptera bichenovii,247775
streptopelia capicola,135634
streptopelia decaocto,177147
streptopelia orientalis,36243
streptopelia turtur,177155
strix aluco,111821
strix nebulosa,126836
strix uralensis,36305
strix varia,57075
struthio camelus,8801
sturnia pagodarum,451425
sturnira erythromos,192403
sturnira lilium,27660
sturnira ludovici,192405
sturnira tildae,27661
sturnus cineraceus,36269
sturnus sericeus,451428
sturnus vulgaris,9172
sula dactylatra,56068
suncus murinus,9378
sundamys infraluteus,1936103
sundamys muelleri,83761
suricata suricatta,37032
surnia ulula,69940
sus barbatus,41807
sus celebensis,273789
sus scrofa,9823
sus verrucosus,159856
syconycteris australis,58085
sylvia atricapilla,48155
sylvicapra grimmia,119562
sylvilagus audubonii,30581
sylvilagus bachmani,365149
sylvilagus floridanus,9988
sylvirana guentheri,110109
symphalangus syndactylus,9590
symphodus melops,171736
symphodus tinca,202600
symphysodon discus,306559
syncerus caffer,9970
syngnathus scovelli,161590
synodus macrops,1585515
syrmaticus ellioti,9063
syrmaticus reevesii,9066
syrrhaptes paradoxus,302527
tachybaptus ruficollis,100828
tachyglossus aculeatus,9261
tachysurus fulvidraco,1234273
tadarida brasiliensis,9438
tadarida teniotis,59483
tadorna ferruginea,45639
tadorna radjah,8889
tadorna tadorna,75865
tadorna tadornoides,45638
tadorna variegata,107024
taeniopygia guttata,59729
takifugu rubripes,31033
takydromus sexlineatus,118848
takydromus wolteri,235402
talpa altaica,114409
talpa europaea,9375
talpa occidentalis,50954
tamandua tetradactyla,48850
tamias sibiricus,64680
tamias striatus,45474
tamiasciurus hudsonicus,10009
tamiops swinhoei,226577
tanygnathus lucionensis,309852
taphozous longimanus,463807
taphozous mauritianus,302395
taphozous melanopogon,187003
taphozous perforatus,1381355
taphozous theobaldi,2029311
tarsiger cyanurus,1364862
terapon theraps,163132
teratoscincus roborowskii,102174
terrapene carolina,158814
terrapene ornata,85611
terricola subterraneus,137712
testudo graeca,86975
testudo hermanni,86976
testudo horsfieldii,101699
testudo kleinmanni,101700
testudo marginata,101701
tetracerus quadricornis,73823
tetrastes bonasia,1155787
tetronarce californica,7787
thalassarche chlororhynchos,54017
thalassarche melanophris,54026
thalasseus elegans,297817
thalasseus sandvicensis,126723
thaleichthys pacificus,240832
thamnaconus septentrionalis,435163
thamnaconus striatus,2116108
thamnophis saurita,35017
thaptomys nigrita,89133
thectocercus acuticaudatus,211510
theropithecus gelada,9565
thinornis novaeseelandiae,425654
thoopterus nigrescens,58087
thraupis cyanocephala,175016
thraupis episcopus,58209
threskiornis aethiopicus,100858
threskiornis molucca,2671080
thryomanes bewickii,241536
thryonomys gregorianus,423060
thryonomys swinderianus,10169
thryothorus ludovicianus,74200
thryssa dussumieri,1150470
thunnus orientalis,8238
thunnus thynnus,8237
thymallus thymallus,36185
tiliqua rugosa,8527
tiliqua scincoides,71010
tinca tinca,27717
toxostoma rufum,58210
trachemys scripta,34903
trachinotus blochii,435999
trachinotus carolinus,173342
trachinotus ovatus,173339
trachops cirrhosus,148073
trachurus japonicus,83875
trachurus mediterraneus,189388
trachurus trachurus,36212
trachypithecus cristatus,122765
trachypithecus francoisi,54180
trachypithecus pileatus,164651
tragelaphus angasii,66437
tragelaphus eurycerus,69297
tragelaphus imberbis,9947
tragelaphus oryx,9945
tragelaphus spekii,69298
tragelaphus strepsiceros,9946
tragopan caboti,30407
tragulus javanicus,9849
trematomus bernacchii,40690
trematomus pennellii,36198
tretanorhinus variabilis,121374
triacanthodes anomalus,245701
triaenops afer,549403
triaenops menamena,1195082
triaenops persicus,329870
trichechus manatus,9778
trichiurus haumela,232274
trichiurus japonicus,235211
trichiurus lepturus,13733
trichogaster labiosa,313182
trichogaster lalius,1749025
trichoglossus chlorolepidotus,585473
trichoglossus haematodus,176049
trichoglossus moluccanus,1549204
trichoglossus rubritorquis,1525648
trichopodus leerii,1679032
trichopodus trichopterus,96903
trichosurus vulpecula,9337
trimeresurus flavomaculatus,109780
trimeresurus hageni,109782
trimeresurus macrops,197217
tringa glareola,171269
tringa nebularia,171270
tringa semipalmata,507600
tringa totanus,171271
trioceros jacksonii,116114
trioceros melleri,179915
triplophysa siluroides,422203
trisopterus esmarkii,80723
trisopterus minutus,80722
triturus marmoratus,8328
trogonophis wiegmanni,261506
tropidophorus sinicus,338351
tscherskia triton,329627
tupaia belangeri,37347
tupaia chinensis,246437
tupaia glis,9395
turdus hortulorum,411519
turdus iliacus,411526
turdus libonyana,411517
turdus merula,9187
turdus migratorius,9188
turdus naumanni,34940
turdus pallidus,36282
turdus philomelos,127946
turdus pilaris,357736
turdus rufiventris,311356
turdus serranus,411531
tursiops aduncus,79784
tursiops truncatus,9739
tylonycteris pachypus,258959
tylonycteris robustula,526822
tympanuchus cupido,9004
tyto alba,56313
umbrina cirrosa,94955
upeneichthys vlamingii,334902
upeneus japonicus,435235
upeneus moluccensis,115431
upeneus sulphureus,435238
upeneus tragula,392302
upupa epops,57439
uraeginthus bengalus,247673
uranomys ruddi,41272
uria aalge,13746
uria lomvia,28711
urocissa erythroryncha,56796
urocitellus parryii,9999
urocitellus richardsonii,37591
urocitellus undulatus,99867
urocyon cinereoargenteus,55040
uroderma bilobatum,27663
urolophus aurantiacus,195339
uroplatus fimbriatus,402375
urotrichus talpoides,106106
ursus americanus,9643
ursus arctos,9644
ursus maritimus,29073
ursus thibetanus,9642
urva auropunctata,48418
urva javanica,140016
vampyrodes caraccioli,148041
vanellus spinosus,8909
vanellus vanellus,100859
varanus albigularis,8558
varanus komodoensis,61221
varanus prasinus,62050
varecia variegata,9455
verasper moseri,98923
vespertilio murinus,59485
vespertilio sinensis,105273
vestiaria coccinea,64815
vicugna pacos,30538
vicugna vicugna,9843
vipera aspis,8706
vireo griseus,34948
vireo olivaceus,28733
viverricula indica,94196
volemys millicens,164384
vombatus ursinus,29139
vulpes chama,9626
vulpes corsac,9629
vulpes lagopus,494514
vulpes macrotis,9630
vulpes vulpes,9627
vulpes zerda,68732
vultur gryphus,8924
willisornis poecilinotus,292820
xenopus laevis,8355
xenosaurus platyceps,405598
xiphophorus birchmanni,32469
xiphophorus hellerii,8084
xiphophorus maculatus,8083
xiphophorus malinche x xiphophorus birchmanni,1500961
zalophus californianus,9704
zamenis situla,201442
zenaida macroura,47245
zeus faber,64108
ziphius cavirostris,9760
zoarces viviparus,48416
zonotrichia albicollis,44394
zonotrichia capensis,44391
zonotrichia leucophrys,44393
zoothera dauma,36288
zosterops erythropleurus,135981
zosterops japonicus,36299
zosterops lateralis,43581
zygodontomys brevicauda,157541
zygodontomys cherriei,218840
